periodo,anio_inicio,anio_fin,rubro,n_comunas,n_combinaciones,empresa_anios,spearman_r,p_valor_original,p_ajustado_fdr,significativo,cambia_signo_vs_completo,cambia_significancia_vs_completo,muestra_insuficiente
2005-2010,2005,2010,EXPLOTACION DE MINAS Y CANTERAS,105,3512,28344,0.334822862642639,0.00048089601256310965,0.0030456747462330276,True,False,False,False
2005-2010,2005,2010,"SUMINISTRO DE AGUA; EVACUACION DE AGUAS RESIDUALES, GESTION DE DESECHOS Y DESCONTAMINACION",88,3512,8531,0.2797027113768225,0.008309522774151453,0.031112918482203204,True,False,False,False
2005-2010,2005,2010,INFORMACION Y COMUNICACIONES,135,3512,65385,0.26958045590599494,0.0015676198623280123,0.007446194346058059,True,False,False,False
2005-2010,2005,2010,"AGRICULTURA, GANADERIA, SILVICULTURA Y PESCA",332,3512,666304,0.2144012156407739,8.22567704525012e-05,0.001562878638597523,True,True,False,False
2005-2010,2005,2010,CONSTRUCCION,290,3512,339002,0.209756898680006,0.00032228304656199106,0.0030456747462330276,True,False,False,False
2005-2010,2005,2010,ADMINISTRACION PUBLICA Y DEFENSA; PLANES DE SEGURIDAD SOCIAL DE AFILIACION OBLIGATORIA,9,3512,1245,0.20083160441856093,0.60437217167933,0.6350460234255466,False,False,False,True
2005-2010,2005,2010,ENSENANZA,127,3512,48420,0.17855536085700568,0.04459103613916484,0.08472296866441319,False,True,False,False
2005-2010,2005,2010,TRANSPORTE Y ALMACENAMIENTO,305,3512,523050,0.14460037157193856,0.011462654177653811,0.031112918482203204,True,False,False,False
2005-2010,2005,2010,INDUSTRIA MANUFACTURERA,306,3512,417122,0.14459044052568984,0.011332715967392935,0.031112918482203204,True,False,False,False
2005-2010,2005,2010,OTRAS ACTIVIDADES DE SERVICIOS,264,3512,251486,0.14348952270112167,0.019677121175257956,0.04673316279123765,True,False,True,False
2005-2010,2005,2010,ACTIVIDADES DE ALOJAMIENTO Y DE SERVICIO DE COMIDAS,320,3512,221529,0.12374914098316196,0.026860164842801588,0.05670479244591446,False,False,True,False
2005-2010,2005,2010,ACTIVIDADES DE SERVICIOS ADMINISTRATIVOS Y DE APOYO,207,3512,195882,0.11458661370354625,0.10016572108418816,0.15859572504996458,False,False,True,False
2005-2010,2005,2010,ACTIVIDADES INMOBILIARIAS,148,3512,129273,0.09081393967463464,0.2723347770606414,0.3727996481852284,False,False,False,False
2005-2010,2005,2010,"SUMINISTRO DE ELECTRICIDAD, GAS, VAPOR Y AIRE ACONDICIONADO",45,3512,4939,0.07270685809954518,0.6350460234255466,0.6350460234255466,False,False,False,False
2005-2010,2005,2010,COMERCIO AL POR MAYOR Y AL POR MENOR; REPARACION DE VEHICULOS AUTOMOTORES Y MOTOCICLETAS,332,3512,1859333,0.06012110794283103,0.2746944776101683,0.3727996481852284,False,False,True,False
2005-2010,2005,2010,"ACTIVIDADES PROFESIONALES, CIENTIFICAS Y TECNICAS",159,3512,189469,-0.08032899126044535,0.3141531866550898,0.3979273697631137,False,True,False,False
2005-2010,2005,2010,"ACTIVIDADES ARTISTICAS, DE ENTRETENIMIENTO Y RECREATIVAS",99,3512,18736,-0.08171978602337984,0.42132698007702135,0.4708948600860827,False,True,False,False
2005-2010,2005,2010,ACTIVIDADES DE ATENCION DE LA SALUD HUMANA Y DE ASISTENCIA SOCIAL,101,3512,92519,-0.0962530829545431,0.3383066758333708,0.40173917755212785,False,False,True,False
2005-2010,2005,2010,ACTIVIDADES FINANCIERAS Y DE SEGUROS,139,3512,206782,-0.16313383329485953,0.05500635288106231,0.09501097315819854,False,False,True,False
2005-2024 (completo),2005,2024,COMERCIO AL POR MAYOR Y AL POR MENOR; REPARACION DE VEHICULOS AUTOMOTORES Y MOTOCICLETAS,342,5263,7241765,0.5751825813835302,1.6375345821573354e-31,3.275069164314671e-30,True,False,False,False
2005-2024 (completo),2005,2024,TRANSPORTE Y ALMACENAMIENTO,338,5263,2247865,0.41788947097319545,1.0194044492501273e-15,1.0194044492501274e-14,True,False,False,False
2005-2024 (completo),2005,2024,ACTIVIDADES DE ALOJAMIENTO Y DE SERVICIO DE COMIDAS,344,5263,1184238,0.35946045755740275,6.2498702489641886e-12,4.1665801659761256e-11,True,False,False,False
2005-2024 (completo),2005,2024,EXPLOTACION DE MINAS Y CANTERAS,221,5263,107535,0.3478129179200098,1.108676043719116e-07,3.6955868123970536e-07,True,False,False,False
2005-2024 (completo),2005,2024,"SUMINISTRO DE AGUA; EVACUACION DE AGUAS RESIDUALES, GESTION DE DESECHOS Y DESCONTAMINACION",293,5263,80619,0.3475005269423555,9.690456561758127e-10,4.845228280879063e-09,True,False,False,False
2005-2024 (completo),2005,2024,INDUSTRIA MANUFACTURERA,336,5263,1684537,0.290926265841131,5.609915287972925e-08,2.24396611518917e-07,True,False,False,False
2005-2024 (completo),2005,2024,CONSTRUCCION,335,5263,1614638,0.27675537612398204,2.641098770877646e-07,7.545996488221846e-07,True,False,False,False
2005-2024 (completo),2005,2024,INFORMACION Y COMUNICACIONES,269,5263,376075,0.24916729332234985,3.580783287410336e-05,7.161566574820672e-05,True,False,False,False
2005-2024 (completo),2005,2024,ACTIVIDADES DE SERVICIOS ADMINISTRATIVOS Y DE APOYO,330,5263,974551,0.24272073461471746,8.220015451152511e-06,1.8266701002561138e-05,True,False,False,False
2005-2024 (completo),2005,2024,ADMINISTRACION PUBLICA Y DEFENSA; PLANES DE SEGURIDAD SOCIAL DE AFILIACION OBLIGATORIA,33,5263,7189,0.09932982501835899,0.5823413826633943,0.6129909291193624,False,False,False,False
2005-2024 (completo),2005,2024,"ACTIVIDADES ARTISTICAS, DE ENTRETENIMIENTO Y RECREATIVAS",285,5263,185199,0.09550496926010088,0.10763749396721399,0.1537678485245914,False,False,False,False
2005-2024 (completo),2005,2024,"SUMINISTRO DE ELECTRICIDAD, GAS, VAPOR Y AIRE ACONDICIONADO",138,5263,40341,0.0848795524605478,0.3222587133817247,0.40282339172715587,False,False,False,False
2005-2024 (completo),2005,2024,ACTIVIDADES INMOBILIARIAS,293,5263,747659,0.07197152349199885,0.21934136091258713,0.2924551478834495,False,False,False,False
2005-2024 (completo),2005,2024,"ACTIVIDADES PROFESIONALES, CIENTIFICAS Y TECNICAS",300,5263,1181573,0.04423127308534246,0.44529433599872537,0.5238756894102652,False,False,False,False
2005-2024 (completo),2005,2024,OTRAS ACTIVIDADES DE SERVICIOS,331,5263,966251,0.03533337943941077,0.521780840699525,0.5797564896661389,False,False,False,False
2005-2024 (completo),2005,2024,ENSENANZA,261,5263,259123,-0.10879014944983405,0.07937345026987644,0.12211300041519453,False,False,False,False
2005-2024 (completo),2005,2024,ACTIVIDADES FINANCIERAS Y DE SEGUROS,247,5263,961272,-0.14113278602914728,0.026559084846449182,0.04426514141074864,True,False,False,False
2005-2024 (completo),2005,2024,ACTIVIDADES DE ATENCION DE LA SALUD HUMANA Y DE ASISTENCIA SOCIAL,223,5263,541072,-0.24516001270861557,0.00021814183253563436,0.00039662151370115333,True,False,False,False
2005-2024 (completo),2005,2024,"AGRICULTURA, GANADERIA, SILVICULTURA Y PESCA",341,5263,2094581,-0.2680203317597998,5.078008229103163e-07,1.2695020572757908e-06,True,False,False,False
2005-2024 (completo),2005,2024,ACTIVIDADES DE ORGANIZACIONES Y ORGANOS EXTRATERRITORIALES,3,5263,432,-0.5,0.6666666666666666,0.6666666666666666,False,False,False,True
2005-2024 (sin 2016),2005,2024 (excl. 2016),COMERCIO AL POR MAYOR Y AL POR MENOR; REPARACION DE VEHICULOS AUTOMOTORES Y MOTOCICLETAS,342,5221,6903580,0.5211616301725247,3.292298798085137e-25,6.584597596170274e-24,True,False,False,False
2005-2024 (sin 2016),2005,2024 (excl. 2016),"SUMINISTRO DE AGUA; EVACUACION DE AGUAS RESIDUALES, GESTION DE DESECHOS Y DESCONTAMINACION",289,5221,76854,0.3494414819030519,1.0063306800017302e-09,5.031653400008651e-09,True,False,False,False
2005-2024 (sin 2016),2005,2024 (excl. 2016),TRANSPORTE Y ALMACENAMIENTO,338,5221,2126177,0.34697086222918583,5.371203626203491e-11,4.716220667903939e-10,True,False,False,False
2005-2024 (sin 2016),2005,2024 (excl. 2016),ACTIVIDADES DE ALOJAMIENTO Y DE SERVICIO DE COMIDAS,343,5221,1120578,0.3425418455589157,7.074331001855908e-11,4.716220667903939e-10,True,False,False,False
2005-2024 (sin 2016),2005,2024 (excl. 2016),EXPLOTACION DE MINAS Y CANTERAS,216,5221,102562,0.32626703709920657,9.481189663230755e-07,2.376873387218537e-06,True,False,False,False
2005-2024 (sin 2016),2005,2024 (excl. 2016),INDUSTRIA MANUFACTURERA,336,5221,1617481,0.28917922458452,6.786837104066366e-08,2.7147348416265465e-07,True,False,False,False
2005-2024 (sin 2016),2005,2024 (excl. 2016),CONSTRUCCION,335,5221,1537507,0.28444163378339127,1.1805676559732538e-07,3.935225519910846e-07,True,False,False,False
2005-2024 (sin 2016),2005,2024 (excl. 2016),INFORMACION Y COMUNICACIONES,262,5221,358557,0.2402669608868175,8.559823454233965e-05,0.0001711964690846793,True,False,False,False
2005-2024 (sin 2016),2005,2024 (excl. 2016),ACTIVIDADES DE SERVICIOS ADMINISTRATIVOS Y DE APOYO,330,5221,910807,0.20933699523427718,0.00012767787961152574,0.00023214159929368315,True,False,False,False
2005-2024 (sin 2016),2005,2024 (excl. 2016),"ACTIVIDADES ARTISTICAS, DE ENTRETENIMIENTO Y RECREATIVAS",282,5221,171891,0.10689803160071938,0.07308672803418989,0.11244112005259983,False,False,False,False
2005-2024 (sin 2016),2005,2024 (excl. 2016),ADMINISTRACION PUBLICA Y DEFENSA; PLANES DE SEGURIDAD SOCIAL DE AFILIACION OBLIGATORIA,32,5221,6859,0.045429661490773876,0.8049919990593956,0.8469572746373571,False,False,False,False
2005-2024 (sin 2016),2005,2024 (excl. 2016),"SUMINISTRO DE ELECTRICIDAD, GAS, VAPOR Y AIRE ACONDICIONADO",134,5221,38337,0.04516930387456067,0.6042918610325875,0.7553648262907343,False,False,False,False
2005-2024 (sin 2016),2005,2024 (excl. 2016),"ACTIVIDADES PROFESIONALES, CIENTIFICAS Y TECNICAS",298,5221,1118072,0.043430716430710406,0.45510461426153953,0.6068061523487194,False,False,False,False
2005-2024 (sin 2016),2005,2024 (excl. 2016),ACTIVIDADES INMOBILIARIAS,289,5221,702686,0.020749339212414925,0.7254024110138138,0.8060026789042375,False,False,False,False
2005-2024 (sin 2016),2005,2024 (excl. 2016),OTRAS ACTIVIDADES DE SERVICIOS,331,5221,926619,0.010648340294900497,0.8469572746373571,0.8469572746373571,False,False,False,False
2005-2024 (sin 2016),2005,2024 (excl. 2016),ACTIVIDADES FINANCIERAS Y DE SEGUROS,243,5221,913231,-0.07620678869609342,0.2365941034283424,0.3379915763262034,False,False,True,False
2005-2024 (sin 2016),2005,2024 (excl. 2016),ENSENANZA,257,5221,246628,-0.15030904341740117,0.015882368408077017,0.026470614013461697,True,False,True,False
2005-2024 (sin 2016),2005,2024 (excl. 2016),"AGRICULTURA, GANADERIA, SILVICULTURA Y PESCA",341,5221,2001912,-0.2617538378732668,9.507493548874147e-07,2.376873387218537e-06,True,False,False,False
2005-2024 (sin 2016),2005,2024 (excl. 2016),ACTIVIDADES DE ATENCION DE LA SALUD HUMANA Y DE ASISTENCIA SOCIAL,220,5221,516499,-0.2695878677770431,5.097430775037158e-05,0.00011327623944527018,True,False,False,False
2005-2024 (sin 2016),2005,2024 (excl. 2016),ACTIVIDADES DE ORGANIZACIONES Y ORGANOS EXTRATERRITORIALES,3,5221,414,-0.5,0.6666666666666666,0.7843137254901961,False,False,False,True
2011-2015,2011,2015,EXPLOTACION DE MINAS Y CANTERAS,105,3572,26854,0.39491139923918794,3.059928850767741e-05,0.00029069324082293534,True,False,False,False
2011-2015,2011,2015,COMERCIO AL POR MAYOR Y AL POR MENOR; REPARACION DE VEHICULOS AUTOMOTORES Y MOTOCICLETAS,334,3572,1672351,0.27133571234239884,4.777985397594538e-07,9.078172255429621e-06,True,False,False,False
2011-2015,2011,2015,TRANSPORTE Y ALMACENAMIENTO,319,3572,505609,0.20228627782809439,0.0002764428846816771,0.0017508049363172881,True,False,False,False
2011-2015,2011,2015,INDUSTRIA MANUFACTURERA,310,3572,421500,0.19202248316198614,0.0006764981102226632,0.0032133660235576502,True,False,False,False
2011-2015,2011,2015,"SUMINISTRO DE AGUA; EVACUACION DE AGUAS RESIDUALES, GESTION DE DESECHOS Y DESCONTAMINACION",95,3572,9849,0.15924931770740072,0.12320065653925757,0.23408124742458938,False,False,True,False
2011-2015,2011,2015,CONSTRUCCION,302,3572,377824,0.14019184141309185,0.014759621096273547,0.04673880013819956,True,False,False,False
2011-2015,2011,2015,ACTIVIDADES DE SERVICIOS ADMINISTRATIVOS Y DE APOYO,216,3572,174699,0.13475310229377688,0.047929014416907945,0.11383140924015636,False,False,True,False
2011-2015,2011,2015,ACTIVIDADES DE ALOJAMIENTO Y DE SERVICIO DE COMIDAS,323,3572,240306,0.13127534036962296,0.01825605056523969,0.04955213724850774,True,False,False,False
2011-2015,2011,2015,"AGRICULTURA, GANADERIA, SILVICULTURA Y PESCA",332,3572,564015,0.10238624663951686,0.062401815209498994,0.13173716544227565,False,True,True,False
2011-2015,2011,2015,ACTIVIDADES INMOBILIARIAS,174,3572,144982,0.08740710647383669,0.25143743138179253,0.36748547663492753,False,False,False,False
2011-2015,2011,2015,"SUMINISTRO DE ELECTRICIDAD, GAS, VAPOR Y AIRE ACONDICIONADO",37,3572,6179,0.07105039963575695,0.6760363620240282,0.8563127252304357,False,False,False,False
2011-2015,2011,2015,OTRAS ACTIVIDADES DE SERVICIOS,227,3572,167711,0.008273227866736925,0.9013447846049438,0.9393088855703147,False,False,False,False
2011-2015,2011,2015,INFORMACION Y COMUNICACIONES,120,3572,65246,0.00702389863267598,0.9393088855703147,0.9393088855703147,False,False,True,False
2011-2015,2011,2015,"ACTIVIDADES ARTISTICAS, DE ENTRETENIMIENTO Y RECREATIVAS",107,3572,23499,-0.007875751763235326,0.935830233241836,0.9393088855703147,False,True,False,False
2011-2015,2011,2015,ADMINISTRACION PUBLICA Y DEFENSA; PLANES DE SEGURIDAD SOCIAL DE AFILIACION OBLIGATORIA,6,3572,833,-0.057977103565244846,0.9131317851623264,0.9393088855703147,False,True,False,True
2011-2015,2011,2015,ENSENANZA,137,3572,50349,-0.06839971636980548,0.4270829116641687,0.5796125229728004,False,False,False,False
2011-2015,2011,2015,ACTIVIDADES FINANCIERAS Y DE SEGUROS,158,3572,264630,-0.10885245596162765,0.1733750699113251,0.274510527359598,False,False,True,False
2011-2015,2011,2015,"ACTIVIDADES PROFESIONALES, CIENTIFICAS Y TECNICAS",163,3572,215441,-0.10888858965602219,0.1664762864387917,0.274510527359598,False,True,False,False
2011-2015,2011,2015,ACTIVIDADES DE ATENCION DE LA SALUD HUMANA Y DE ASISTENCIA SOCIAL,107,3572,96093,-0.3138654310220993,0.0009943494356916733,0.0037785278556283584,True,False,False,False
2016-2019,2016,2019,COMERCIO AL POR MAYOR Y AL POR MENOR; REPARACION DE VEHICULOS AUTOMOTORES Y MOTOCICLETAS,337,3858,1463408,0.5035410659396811,4.577342634190278e-23,8.696951004961529e-22,True,False,False,False
2016-2019,2016,2019,TRANSPORTE Y ALMACENAMIENTO,328,3858,506025,0.4865147282215044,6.813601549672488e-21,6.472921472188864e-20,True,False,False,False
2016-2019,2016,2019,INDUSTRIA MANUFACTURERA,304,3858,302754,0.3745756630552602,1.464001555347064e-11,9.272009850531406e-11,True,False,False,False
2016-2019,2016,2019,ACTIVIDADES DE SERVICIOS ADMINISTRATIVOS Y DE APOYO,279,3858,259210,0.3118753362981322,1.0421519443130506e-07,3.960177388389592e-07,True,False,False,False
2016-2019,2016,2019,"SUMINISTRO DE AGUA; EVACUACION DE AGUAS RESIDUALES, GESTION DE DESECHOS Y DESCONTAMINACION",111,3858,12106,0.28409409164643834,0.002513145905528003,0.005305530245003562,True,False,False,False
2016-2019,2016,2019,CONSTRUCCION,307,3858,343640,0.2632824090007937,2.910489797446555e-06,9.216551025247423e-06,True,False,False,False
2016-2019,2016,2019,ACTIVIDADES INMOBILIARIAS,222,3858,188300,0.20436628108598476,0.002212173072890505,0.005253911048114949,True,False,True,False
2016-2019,2016,2019,ACTIVIDADES DE ALOJAMIENTO Y DE SERVICIO DE COMIDAS,330,3858,291565,0.14932845272304127,0.00657480279829638,0.01249212531676312,True,False,False,False
2016-2019,2016,2019,ADMINISTRACION PUBLICA Y DEFENSA; PLANES DE SEGURIDAD SOCIAL DE AFILIACION OBLIGATORIA,6,3858,792,0.14285714285714288,0.7871720116618076,0.8260290371629395,False,False,False,True
2016-2019,2016,2019,EXPLOTACION DE MINAS Y CANTERAS,81,3858,16094,0.13625686189211209,0.2251613075584106,0.30557606025784295,False,False,True,False
2016-2019,2016,2019,OTRAS ACTIVIDADES DE SERVICIOS,247,3858,185337,0.09586773141554329,0.13296811830674474,0.21053285398567917,False,False,False,False
2016-2019,2016,2019,ACTIVIDADES FINANCIERAS Y DE SEGUROS,150,3858,191636,0.09400423011090496,0.2525338757693449,0.31987624264117015,False,True,True,False
2016-2019,2016,2019,"ACTIVIDADES ARTISTICAS, DE ENTRETENIMIENTO Y RECREATIVAS",175,3858,54988,0.059734471182894155,0.43230624406056983,0.5133636648219266,False,False,False,False
2016-2019,2016,2019,INFORMACION Y COMUNICACIONES,148,3858,80956,0.03884000135935144,0.6392987094387087,0.7145103223138509,False,False,True,False
2016-2019,2016,2019,ENSENANZA,153,3858,56371,-0.017915048869409925,0.8260290371629395,0.8260290371629395,False,False,False,False
2016-2019,2016,2019,"ACTIVIDADES PROFESIONALES, CIENTIFICAS Y TECNICAS",205,3858,293986,-0.0924745382204542,0.1872475715593371,0.27366952766364655,False,True,False,False
2016-2019,2016,2019,"AGRICULTURA, GANADERIA, SILVICULTURA Y PESCA",323,3858,370236,-0.30856793822364165,1.4881338431279323e-08,7.068635754857679e-08,True,False,False,False
2016-2019,2016,2019,"SUMINISTRO DE ELECTRICIDAD, GAS, VAPOR Y AIRE ACONDICIONADO",31,3858,5989,-0.31175640883916017,0.08776603191094022,0.15159587330071492,False,True,False,False
2016-2019,2016,2019,ACTIVIDADES DE ATENCION DE LA SALUD HUMANA Y DE ASISTENCIA SOCIAL,121,3858,114510,-0.32649573808005655,0.0002573224958286666,0.0006984467743920951,True,False,False,False
2020-2024,2020,2024,COMERCIO AL POR MAYOR Y AL POR MENOR; REPARACION DE VEHICULOS AUTOMOTORES Y MOTOCICLETAS,338,4431,2245933,0.5416532842569941,3.664921820024438e-27,6.963351458046432e-26,True,False,False,False
2020-2024,2020,2024,"SUMINISTRO DE AGUA; EVACUACION DE AGUAS RESIDUALES, GESTION DE DESECHOS Y DESCONTAMINACION",199,4431,32355,0.445276896885681,4.403481123422121e-11,1.3944356890836715e-10,True,False,False,False
2020-2024,2020,2024,ACTIVIDADES DE SERVICIOS ADMINISTRATIVOS Y DE APOYO,298,4431,336631,0.3954912057895016,1.3441734644827902e-12,6.384823956293253e-12,True,False,False,False
2020-2024,2020,2024,INDUSTRIA MANUFACTURERA,324,4431,540253,0.3932487502038772,1.992042040714916e-13,1.2616266257861134e-12,True,False,False,False
2020-2024,2020,2024,ACTIVIDADES DE ALOJAMIENTO Y DE SERVICIO DE COMIDAS,336,4431,429124,0.3667221703940965,3.911059123815988e-12,1.4862024670500752e-11,True,False,False,False
2020-2024,2020,2024,CONSTRUCCION,326,4431,550719,0.34533088510826,1.460880819116771e-10,3.965247937602664e-10,True,False,False,False
2020-2024,2020,2024,TRANSPORTE Y ALMACENAMIENTO,331,4431,711346,0.3310047572508424,6.648621341169224e-10,1.5790475685276907e-09,True,False,False,False
2020-2024,2020,2024,"ACTIVIDADES PROFESIONALES, CIENTIFICAS Y TECNICAS",277,4431,473243,0.25882833531823773,1.2837586937304739e-05,2.7101572423198892e-05,True,False,True,False
2020-2024,2020,2024,INFORMACION Y COMUNICACIONES,186,4431,152684,0.21431562048557284,0.0033099879907313736,0.005717251983990554,True,False,False,False
2020-2024,2020,2024,"ACTIVIDADES ARTISTICAS, DE ENTRETENIMIENTO Y RECREATIVAS",203,4431,75016,0.21062951047463047,0.002558041860151288,0.004860279534287447,True,False,True,False
2020-2024,2020,2024,EXPLOTACION DE MINAS Y CANTERAS,99,4431,23909,0.1824251402347381,0.0707229581944012,0.08398351285585143,False,False,True,False
2020-2024,2020,2024,ENSENANZA,185,4431,93026,0.15239808301226104,0.038368062075070965,0.05207094138759631,False,True,False,False
2020-2024,2020,2024,OTRAS ACTIVIDADES DE SERVICIOS,310,4431,354073,0.1333250219266951,0.01885224303855961,0.029849384811052718,True,False,True,False
2020-2024,2020,2024,ACTIVIDADES INMOBILIARIAS,255,4431,276062,0.10556539541411127,0.09253676564411739,0.10342344395519003,False,False,False,False
2020-2024,2020,2024,ACTIVIDADES FINANCIERAS Y DE SEGUROS,180,4431,289290,0.06863927859959178,0.3598991392431541,0.37989353586777375,False,True,True,False
2020-2024,2020,2024,"SUMINISTRO DE ELECTRICIDAD, GAS, VAPOR Y AIRE ACONDICIONADO",53,4431,14112,-0.045907464332521894,0.7441110014563916,0.7441110014563916,False,True,False,False
2020-2024,2020,2024,ACTIVIDADES DE ATENCION DE LA SALUD HUMANA Y DE ASISTENCIA SOCIAL,183,4431,229657,-0.1383904793847978,0.06172255235796214,0.07818189965341871,False,False,True,False
2020-2024,2020,2024,"AGRICULTURA, GANADERIA, SILVICULTURA Y PESCA",330,4431,492598,-0.40829401266855464,1.0900241303582888e-14,1.0355229238403743e-13,True,False,False,False
2020-2024,2020,2024,ADMINISTRACION PUBLICA Y DEFENSA; PLANES DE SEGURIDAD SOCIAL DE AFILIACION OBLIGATORIA,16,4431,1999,-0.5228282547848654,0.0377144414178931,0.05207094138759631,False,True,False,True
