comuna,total_empresas,empresas_grandes,pct_grande,pct_pyme
HUECHURABA,124265,7771,6.25,93.75
QUILICURA,180671,8633,4.78,95.22
LAS CONDES,1155969,51980,4.5,95.5
TIMAUKEL,504,22,4.37,95.63
SANTO DOMINGO,40700,1573,3.86,96.14
LAMPA,105177,3452,3.28,96.72
ZAPALLAR,24445,753,3.08,96.92
VITACURA,313355,9565,3.05,96.95
PUDAHUEL,182521,5193,2.85,97.15
ISLA DE PASCUA,4589,128,2.79,97.21
CERRILLOS,77616,2105,2.71,97.29
PROVIDENCIA,1011109,25319,2.5,97.5
RENCA,108938,2660,2.44,97.56
IQUIQUE,289411,6713,2.32,97.68
COLINA,126512,2687,2.12,97.88
MACUL,121977,2495,2.05,97.95
LO BARNECHEA,206399,4127,2.0,98.0
MOSTAZAL,25152,494,1.96,98.04
CASABLANCA,45153,848,1.88,98.12
SANTIAGO,1265408,23154,1.83,98.17
CONCHALI,112971,2061,1.82,98.18
OLIVAR,19655,346,1.76,98.24
ROMERAL,30564,532,1.74,98.26
SAN BERNARDO,263953,4583,1.74,98.26
SAN GREGORIO,582,10,1.72,98.28
MEJILLONES,12246,186,1.52,98.48
SAN JOAQUIN,106563,1606,1.51,98.49
LAS CABRAS,35749,529,1.48,98.52
ESTACION CENTRAL,148622,2140,1.44,98.56
RECOLETA,244635,3518,1.44,98.56
REQUINOA,34467,476,1.38,98.62
VICHUQUEN,7681,103,1.34,98.66
PORVENIR,13779,178,1.29,98.71
PANQUEHUE,10179,127,1.25,98.75
QUINTA NORMAL,150056,1828,1.22,98.78
INDEPENDENCIA,105538,1220,1.16,98.84
NUNOA,335908,3871,1.15,98.85
CABO DE HORNOS,2965,34,1.15,98.85
PUERTO MONTT,344846,3895,1.13,98.87
LA ESTRELLA,6208,70,1.13,98.87
DONIHUE,22023,246,1.12,98.88
CORONEL,93039,1013,1.09,98.91
PAINE,81963,883,1.08,98.92
SAN MIGUEL,164291,1718,1.05,98.95
CODEGUA,13169,137,1.04,98.96
TIERRA AMARILLA,13112,132,1.01,98.99
COLTAUCO,22508,226,1.0,99.0
SAGRADA FAMILIA,27056,270,1.0,99.0
ANTOFAGASTA,410844,4047,0.99,99.01
PUNTA ARENAS,194569,1907,0.98,99.02
LAUTARO,38653,379,0.98,99.02
PIRQUE,29321,286,0.98,99.02
CONCON,52914,504,0.95,99.05
DIEGO DE ALMAGRO,14800,141,0.95,99.05
CONCEPCION,442806,4181,0.94,99.06
PUERTO VARAS,92712,868,0.94,99.06
MARIA PINTO,16232,152,0.94,99.06
CHILLAN VIEJO,22147,205,0.93,99.07
SAN RAFAEL,11412,105,0.92,99.08
TALCAHUANO,151426,1399,0.92,99.08
TREHUACO,3949,36,0.91,99.09
CALERA DE TANGO,31257,285,0.91,99.09
PUERTO OCTAY,11480,102,0.89,99.11
CHONCHI,17512,156,0.89,99.11
HIJUELAS,27664,247,0.89,99.11
RANCAGUA,269068,2363,0.88,99.12
TORTEL,1647,14,0.85,99.15
PURRANQUE,26103,221,0.85,99.15
VINA DEL MAR,464455,3930,0.85,99.15
SIERRA GORDA,2235,19,0.85,99.15
OSORNO,234756,2003,0.85,99.15
BULNES,26780,224,0.84,99.16
VALPARAISO,313988,2597,0.83,99.17
LA REINA,139517,1159,0.83,99.17
PUYEHUE,15575,129,0.83,99.17
SAN PABLO,11104,91,0.82,99.18
POZO ALMONTE,14978,121,0.81,99.19
EL TABO,16440,129,0.78,99.22
CONSTITUCION,59663,465,0.78,99.22
HUARA,2716,21,0.77,99.23
RENGO,64773,489,0.75,99.25
CURICO,238628,1764,0.74,99.26
RANQUIL,7143,52,0.73,99.27
LOS ANGELES,269650,1971,0.73,99.27
LOS ANDES,85907,631,0.73,99.27
BUIN,105793,769,0.73,99.27
ANDACOLLO,10520,76,0.72,99.28
SAN PEDRO DE LA PAZ,116805,830,0.71,99.29
COPIAPO,176716,1251,0.71,99.29
HUALPEN,57747,402,0.7,99.3
PAPUDO,9231,64,0.69,99.31
SAN ESTEBAN,22189,153,0.69,99.31
TITIL,19239,131,0.68,99.32
LA SERENA,258698,1748,0.68,99.32
TUCAPEL,14659,99,0.68,99.32
DALCAHUE,17499,117,0.67,99.33
MELIPILLA,157962,1057,0.67,99.33
TEMUCO,400374,2645,0.66,99.34
PENCAHUE,12489,83,0.66,99.34
PALMILLA,22090,146,0.66,99.34
CALAMA,160388,1050,0.65,99.35
HUALQUI,18409,118,0.64,99.36
LA CISTERNA,126780,816,0.64,99.36
LLANQUIHUE,21907,140,0.64,99.36
PAILLACO,25881,164,0.63,99.37
LLAILLAY,26374,166,0.63,99.37
ISLA DE MAIPO,36136,226,0.63,99.37
PADRE LAS CASAS,48090,299,0.62,99.38
SAN FELIPE,106560,661,0.62,99.38
FREIRE,22027,136,0.62,99.38
SANTA CRUZ,70913,440,0.62,99.38
SAN ANTONIO,114978,712,0.62,99.38
PEUMO,18732,114,0.61,99.39
PENCO,34590,211,0.61,99.39
ALTO HOSPICIO,77635,474,0.61,99.39
COQUIMBO,226215,1383,0.61,99.39
SAN FERNANDO,107878,648,0.6,99.4
CALLE LARGA,13520,81,0.6,99.4
TALCA,317324,1886,0.59,99.41
ALGARROBO,23439,139,0.59,99.41
PEDRO AGUIRRE CERDA,92440,542,0.59,99.41
GRANEROS,30987,182,0.59,99.41
VILCUN,26149,151,0.58,99.42
MAIPU,437705,2551,0.58,99.42
QUILLOTA,120462,697,0.58,99.42
QUINTERO,34178,190,0.56,99.44
TALAGANTE,78902,433,0.55,99.45
CURACO DE VELEZ,3460,19,0.55,99.45
PADRE HURTADO,53979,299,0.55,99.45
ANGOL,59624,322,0.54,99.46
PANGUIPULLI,42002,226,0.54,99.46
SANTA MARIA,19160,104,0.54,99.46
QUELLON,30097,162,0.54,99.46
COELEMU,20996,111,0.53,99.47
CHANARAL,18084,95,0.53,99.47
LUMACO,7960,42,0.53,99.47
VALDIVIA,206020,1096,0.53,99.47
ARAUCO,39941,212,0.53,99.47
LA CALERA,64051,335,0.52,99.48
LA FLORIDA,349576,1811,0.52,99.48
NEGRETE,9555,50,0.52,99.48
EL MONTE,29799,154,0.52,99.48
PICHIDEGUA,32189,166,0.52,99.48
CORRAL,4992,26,0.52,99.48
LAGO VERDE,1560,8,0.51,99.49
TENO,45554,234,0.51,99.49
MOLINA,53654,270,0.5,99.5
LO ESPEJO,63760,317,0.5,99.5
LA CRUZ,26341,133,0.5,99.5
VICUNA,29792,148,0.5,99.5
CHILLAN,247350,1248,0.5,99.5
LA PINTANA,99834,487,0.49,99.51
CURACAVI,39546,195,0.49,99.51
ALHUE,6857,33,0.48,99.52
LINARES,132383,620,0.47,99.53
QUIRIHUE,12284,57,0.46,99.54
TALTAL,15293,70,0.46,99.54
VILLARRICA,82289,376,0.46,99.54
PENALOLEN,189479,870,0.46,99.54
NANCAGUA,25903,117,0.45,99.55
NATALES,42153,183,0.43,99.57
MALLOA,18185,77,0.42,99.58
QUILPUE,151959,636,0.42,99.58
CALBUCO,29596,123,0.42,99.58
RINCONADA,10373,44,0.42,99.58
NACIMIENTO,24860,102,0.41,99.59
CABRERO,29692,123,0.41,99.59
PENAFLOR,82119,338,0.41,99.59
MAULE,43414,174,0.4,99.6
OVALLE,133846,531,0.4,99.6
CUNCO,18790,74,0.39,99.61
CALDERA,22776,89,0.39,99.61
FRUTILLAR,30823,117,0.38,99.62
CASTRO,69795,256,0.37,99.63
MONTE PATRIA,38345,141,0.37,99.63
CURANILAHUE,29958,109,0.36,99.64
LOTA,32489,117,0.36,99.64
CHIMBARONGO,55028,192,0.35,99.65
HUASCO,11025,39,0.35,99.65
LIMACHE,59668,207,0.35,99.65
PUCON,49516,174,0.35,99.65
ANCUD,65730,230,0.35,99.65
COIHAIQUE,96774,328,0.34,99.66
PUCHUNCAVI,25374,87,0.34,99.66
LITUECHE,9581,33,0.34,99.66
LOS LAGOS,20446,69,0.34,99.66
LA GRANJA,86555,284,0.33,99.67
PLACILLA,14358,47,0.33,99.67
COLLIPULLI,23428,78,0.33,99.67
PUMANQUE,5476,18,0.33,99.67
NOGALES,25624,84,0.33,99.67
FLORIDA,9822,31,0.32,99.68
VICTORIA,43124,136,0.32,99.68
VALLENAR,64887,207,0.32,99.68
LOS VILOS,27121,87,0.32,99.68
EL BOSQUE,119588,381,0.32,99.68
AISEN,36782,119,0.32,99.68
CABILDO,31445,97,0.31,99.69
SALAMANCA,43327,133,0.31,99.69
SAN JAVIER,64902,201,0.31,99.69
ARICA,297382,915,0.31,99.69
FUTRONO,17434,54,0.31,99.69
MARIQUINA,22723,68,0.3,99.7
RIO NEGRO,18409,55,0.3,99.7
CHIGUAYANTE,66354,197,0.3,99.7
LOLOL,11405,34,0.3,99.7
MACHALI,43957,132,0.3,99.7
LAGO RANCO,10329,31,0.3,99.7
PEMUCO,8223,24,0.29,99.71
CHILE CHICO,8758,25,0.29,99.71
PERALILLO,18655,54,0.29,99.71
SAN JOSE DE MAIPO,19828,58,0.29,99.71
CARTAGENA,25563,75,0.29,99.71
LAJA,19287,56,0.29,99.71
YUNGAY,19392,57,0.29,99.71
PARRAL,72961,204,0.28,99.72
RIO BUENO,43626,124,0.28,99.72
YUMBEL,16894,47,0.28,99.72
GORBEA,19998,55,0.28,99.72
LOS ALAMOS,15423,41,0.27,99.73
EMPEDRADO,4387,12,0.27,99.73
SAN CLEMENTE,53976,141,0.26,99.74
MARCHIGUE,11824,31,0.26,99.74
OLMUE,21862,57,0.26,99.74
SAN PEDRO,14862,37,0.25,99.75
PITRUFQUEN,27103,69,0.25,99.75
LANCO,20851,53,0.25,99.75
LOS SAUCES,8048,20,0.25,99.75
PELARCO,13019,33,0.25,99.75
SAN FABIAN,5211,13,0.25,99.75
LA UNION,52009,132,0.25,99.75
RAUCO,14444,35,0.24,99.76
MARIA ELENA,4224,10,0.24,99.76
LAGUNA BLANCA,424,1,0.24,99.76
SANTA JUANA,10317,25,0.24,99.76
LA LIGUA,60143,140,0.23,99.77
TOCOPILLA,26694,62,0.23,99.77
ILLAPEL,42654,100,0.23,99.77
VILLA ALEGRE,21295,46,0.22,99.78
PELLUHUE,13063,29,0.22,99.78
VILLA ALEMANA,98259,219,0.22,99.78
CERRO NAVIA,89009,200,0.22,99.78
SAN ROSENDO,2283,5,0.22,99.78
SAN CARLOS,82132,178,0.22,99.78
CURARREHUE,5861,13,0.22,99.78
SAN VICENTE,76426,158,0.21,99.79
ERCILLA,5277,11,0.21,99.79
PUNITAQUI,11124,23,0.21,99.79
QUILLECO,7786,16,0.21,99.79
NUEVA IMPERIAL,28096,59,0.21,99.79
YERBAS BUENAS,26191,55,0.21,99.79
CANETE,37926,77,0.2,99.8
CONTULMO,5919,11,0.19,99.81
COIHUECO,32006,62,0.19,99.81
PUENTE ALTO,424054,757,0.18,99.82
SAN NICOLAS,12546,22,0.18,99.82
MAULLIN,14797,26,0.18,99.82
RIO CLARO,18582,33,0.18,99.82
QUEMCHI,7676,13,0.17,99.83
PINTO,16805,28,0.17,99.83
CAMARONES,1811,3,0.17,99.83
CUREPTO,9735,17,0.17,99.83
SANTA BARBARA,16990,28,0.16,99.84
TRAIGUEN,21977,36,0.16,99.84
QUINTA DE TILCOCO,19240,31,0.16,99.84
CANELA,8949,14,0.16,99.84
LEBU,22305,35,0.16,99.84
QUILLON,21988,34,0.15,99.85
TOME,50572,78,0.15,99.85
EL CARMEN,16676,23,0.14,99.86
FREIRINA,7040,10,0.14,99.86
CATEMU,16287,23,0.14,99.86
SAN RAMON,65450,84,0.13,99.87
CHEPICA,24770,33,0.13,99.87
GALVARINO,7678,10,0.13,99.87
MAFIL,8485,11,0.13,99.87
LO PRADO,68734,92,0.13,99.87
SAN IGNACIO,18266,24,0.13,99.87
LONCOCHE,23494,29,0.12,99.88
MULCHEN,29524,36,0.12,99.88
LONGAVI,50213,57,0.11,99.89
COLBUN,26122,28,0.11,99.89
PERQUENCO,6202,7,0.11,99.89
PALENA,3146,3,0.1,99.9
TEODORO SCHMIDT,15404,15,0.1,99.9
TOLTEN,9561,10,0.1,99.9
LOS MUERMOS,25214,24,0.1,99.9
COCHAMO,5646,5,0.09,99.91
CAUQUENES,61830,55,0.09,99.91
FRESIA,15983,13,0.08,99.92
TIRUA,7935,6,0.08,99.92
PUTAENDO,20579,16,0.08,99.92
PUREN,14172,12,0.08,99.92
SAN PEDRO DE ATACAMA,15018,12,0.08,99.92
PICA,7298,5,0.07,99.93
PAREDONES,8143,6,0.07,99.93
FUTALEUFU,6369,4,0.06,99.94
PICHILEMU,34204,22,0.06,99.94
LONQUIMAY,9473,6,0.06,99.94
EL QUISCO,21739,13,0.06,99.94
LA HIGUERA,4865,3,0.06,99.94
COCHRANE,6061,3,0.05,99.95
QUINCHAO,7598,4,0.05,99.95
CURACAUTIN,27740,15,0.05,99.95
RETIRO,41528,21,0.05,99.95
GUAITECAS,1888,1,0.05,99.95
NAVIDAD,7657,4,0.05,99.95
PORTEZUELO,4898,2,0.04,99.96
COINCO,9324,4,0.04,99.96
RENAICO,9798,4,0.04,99.96
LICANTEN,11560,5,0.04,99.96
ANTUCO,3876,1,0.03,99.97
COMBARBALA,13677,4,0.03,99.97
HUALAIHUE,7675,2,0.03,99.97
PUQUELDON,3711,1,0.03,99.97
SAN JUAN DE LA COSTA,4757,1,0.02,99.98
CHOLCHOL,4724,1,0.02,99.98
CARAHUE,23022,5,0.02,99.98
CHANCO,9791,2,0.02,99.98
PETORCA,13087,3,0.02,99.98
QUEILEN,5663,1,0.02,99.98
RIO HURTADO,5396,1,0.02,99.98
MELIPEUCO,4517,1,0.02,99.98
NIQUEN,17153,3,0.02,99.98
PAIHUANO,8186,2,0.02,99.98
RIO IBANEZ,6842,1,0.01,99.99
CISNES,11924,1,0.01,99.99
ALTO DEL CARMEN,7974,1,0.01,99.99
HUALANE,16719,2,0.01,99.99
ANTARTICA,99,0,0.0,100.0
OLLAGUE,296,0,0.0,100.0
O'HIGGINS,1188,0,0.0,100.0
NINHUE,4480,0,0.0,100.0
JUAN FERNANDEZ,1682,0,0.0,100.0
TORRES DEL PAINE,574,0,0.0,100.0
GENERAL LAGOS,249,0,0.0,100.0
PUTRE,2470,0,0.0,100.0
PRIMAVERA,1056,0,0.0,100.0
COLCHANE,603,0,0.0,100.0
QUILACO,3821,0,0.0,100.0
SAAVEDRA,8782,0,0.0,100.0
CHAITEN,7276,0,0.0,100.0
COBQUECURA,4263,0,0.0,100.0
RIO VERDE,262,0,0.0,100.0
CAMINA,1491,0,0.0,100.0
ALTO BIOBIO,1958,0,0.0,100.0
